Port Number,Time Since Start,Bandwidth
5002,379.713063ms,68
5002,379.961934ms,115
5002,379.990578ms,115
5002,380.024098ms,115
