Port Number,Time Since Start,Bandwidth
5004,551.149484ms,68
5004,551.177142ms,68
5004,551.348005ms,114
5004,551.361754ms,114
5004,417.830448ms,68
