Port Number,Time Since Start,Bandwidth
5005,463.722409ms,68
5005,593.74133ms,68
5005,593.765107ms,68
5005,593.9034ms,115
5005,593.916312ms,115
