Port Number,Time Since Start,Bandwidth
5001,238.339501ms,68
5001,664.931478ms,115
5001,4.555550582s,115
