Port Number,Time Since Start,Bandwidth
5002,306.68034ms,68
5002,306.905397ms,115
