Port Number,Time Since Start,Bandwidth
5001,11.849677224s,80
5001,15.669003411s,80
5001,200.028552ms,68
5001,2.277128293s,80
5001,7.700072964s,80
