Port Number,Time Since Start,Bandwidth
5001,3.674579596s,79
5001,207.635411ms,68
