Port Number,Time Since Start,Bandwidth
5002,275.695267ms,68
5002,369.677309ms,68
5002,369.725627ms,68
5002,9.808754308s,79
5002,9.808795447s,79
