Port Number,Time Since Start,Bandwidth
5007,594.095119ms,68
5007,395.030892ms,68
5007,495.019763ms,68
5007,495.069681ms,68
5007,594.028784ms,68
5007,594.084626ms,68
