Port Number,Time Since Start,Bandwidth
5008,5.045454ms,70
5008,5.053168ms,70
5008,4.679242ms,70
5008,4.875618ms,70
5008,4.888578ms,70
5008,5.032633ms,70
