Port Number,Time Since Start,Bandwidth
5002,395.866224ms,68
5002,395.909383ms,68
5002,292.83442ms,68
