Port Number,Time Since Start,Bandwidth
5003,574.742743ms,68
5003,574.753549ms,68
5003,345.65192ms,68
5003,463.754843ms,68
5003,463.796391ms,68
5003,574.703354ms,68
