Port Number,Time Since Start,Bandwidth
5004,381.815228ms,68
5004,492.686181ms,68
5004,492.72484ms,68
5004,603.609732ms,68
5004,603.637924ms,68
5004,603.653123ms,68
