Port Number,Time Since Start,Bandwidth
5005,404.275505ms,68
5005,515.320704ms,68
5005,515.346498ms,68
5005,633.287974ms,68
5005,633.328915ms,68
5005,633.338367ms,68
