Port Number,Time Since Start,Bandwidth
5006,661.387226ms,68
5006,661.395358ms,68
5006,432.897581ms,68
5006,550.572839ms,68
5006,550.613533ms,68
5006,661.368358ms,68
