Port Number,Time Since Start,Bandwidth
5007,674.639676ms,68
5007,674.648832ms,68
5007,450.623113ms,68
5007,560.607987ms,68
5007,560.648027ms,68
5007,674.597932ms,68
