Port Number,Time Since Start,Bandwidth
5001,7.036752ms,70
5001,1.70382856s,80
5001,3.238545362s,79
