Port Number,Time Since Start,Bandwidth
5001,210.604691ms,68
5001,599.777157ms,114
5001,5.941703923s,115
5001,11.578629843s,114
