Port Number,Time Since Start,Bandwidth
5002,242.877098ms,114
5002,242.654443ms,68
