Port Number,Time Since Start,Bandwidth
5006,7.64748ms,70
5006,7.775796ms,70
5006,7.790056ms,70
5006,7.929074ms,70
5006,7.941458ms,70
5006,7.948092ms,70
