Port Number,Time Since Start,Bandwidth
5000,141.146293ms,68
5000,157.961607ms,80
5000,157.998596ms,115
5000,141.044534ms,68
5000,141.133032ms,68
