Port Number,Time Since Start,Bandwidth
5001,3.660803318s,115
5001,120.618013ms,68
5001,3.34065394s,79
5001,3.340705752s,114
5001,3.660752159s,80
