Port Number,Time Since Start,Bandwidth
5001,979.6711ms,80
5001,8.047515748s,81
5001,6.140987ms,70
